category,period,amount,actual_roi
ALABAMA,1992-01,9650515,1.0917724080010238
ALABAMA,1993-01,10242374,1.1119819487161864
ALABAMA,1994-01,10815221,1.072503465255125
ALABAMA,1995-01,11541881,1.0639276215029423
ALABAMA,1996-01,12126587,1.0506788101219247
ALABAMA,1997-01,12944867,1.0821187270599226
ALABAMA,1998-01,13728431,1.0812561901647755
ALABAMA,1999-01,14701938,1.0543571194491501
ALABAMA,2000-01,15872589,1.0619972582922672
ALABAMA,2001-01,16718151,1.0682939159958538
ALABAMA,2002-01,17996418,0.8302870048917512
ALABAMA,2003-01,18471110,1.0339816069526953
ALABAMA,2004-01,19544560,1.0950247536910527
ALABAMA,2012-01,30813117,0.9623411029789684
ALABAMA,2013-01,31382719,0.9708859197318116
ALABAMA,2014-01,31758035,0.923275101875793
ALABAMA,2015-01,32459306,0.867828689867861
ALABAMA,2016-01,31582710,0.9730718168263585
ALABAMA,2017-01,31236831,1.0713619765077962
ALABAMA,2018-01,32708378,1.058909738660841
ALABAMA,2019-01,34420325,1.0310261742153801
ALASKA,1992-01,5254925,1.2040738925864785
ALASKA,1993-01,5423008,1.3568180242404215
ALASKA,1994-01,5751517,1.078561360420216
ALASKA,1995-01,5599033,1.4802620381055085
ALASKA,1996-01,5629502,1.4661241793679085
ALASKA,1997-01,5722455,1.6493816028260597
ALASKA,1998-01,5803173,1.5576366584280703
ALASKA,1999-01,6140559,1.190916983290935
ALASKA,2000-01,6611154,1.2984793577641665
ALASKA,2001-01,7072000,0.8747054581447964
ALASKA,2002-01,7402469,0.6779906812173073
ALASKA,2003-01,8121540,0.8525748811186056
ALASKA,2004-01,8089240,1.0943165241728519
ALASKA,2012-01,11729460,1.2774154138383182
ALASKA,2013-01,12214628,1.1647712071133072
ALASKA,2014-01,12926157,0.9864905710181301
ALASKA,2015-01,13006370,0.6433316905485543
ALASKA,2016-01,12359938,0.6403694743452597
ALASKA,2017-01,11301460,0.9700951912407777
ALASKA,2018-01,13196041,0.7808783710205205
ALASKA,2019-01,11525057,0.9091480415237859
ARIZONA,1992-01,9095781,1.0500905859540814
ARIZONA,1993-01,9782725,1.1084239820704354
ARIZONA,1994-01,10522311,1.116538942823492
ARIZONA,1995-01,11162452,1.1281903832598787
ARIZONA,1996-01,11898144,1.0585070242888304
ARIZONA,1997-01,12418681,1.1025627439822312
ARIZONA,1998-01,13327967,1.2441878795168084
ARIZONA,1999-01,14278357,1.0590775955524856
ARIZONA,2000-01,16315915,0.9999702744222435
ARIZONA,2001-01,17143148,0.9035036622211976
ARIZONA,2002-01,18606630,0.9296538921878922
ARIZONA,2003-01,19606017,0.9143843953618932
ARIZONA,2004-01,21765804,1.0927438288059563
ARIZONA,2012-01,31888611,1.0001548828827946
ARIZONA,2013-01,32168343,1.1686170779763199
ARIZONA,2014-01,33704363,1.164005265431066
ARIZONA,2015-01,32740773,1.1052290365899424
ARIZONA,2016-01,36928099,1.0347112370988822
ARIZONA,2017-01,39272433,1.163030719283422
ARIZONA,2018-01,40902546,1.1786781683467822
ARIZONA,2019-01,42191355,1.177203126090641
ARKANSAS,1992-01,5478493,1.0704211906449457
ARKANSAS,1993-01,6014728,1.071711305980919
ARKANSAS,1994-01,6077749,1.130284254910823
ARKANSAS,1995-01,6616119,1.1136729856279792
ARKANSAS,1996-01,7050461,1.226329313785297
ARKANSAS,1997-01,7684652,1.1508583602744795
ARKANSAS,1998-01,8103515,1.1707473855481232
ARKANSAS,1999-01,8943119,1.1585443512492677
ARKANSAS,2000-01,9589172,1.1251628399198597
ARKANSAS,2001-01,10597097,0.9748324470371461
ARKANSAS,2002-01,11550140,0.8872175575360991
ARKANSAS,2003-01,12084818,0.9768464862275956
ARKANSAS,2004-01,12681105,1.121761549959566
ARKANSAS,2012-01,19246564,0.9410265125764786
ARKANSAS,2013-01,19234503,1.1324189660632251
ARKANSAS,2014-01,20946622,1.1108978335504407
ARKANSAS,2015-01,21780585,0.9917862169450453
ARKANSAS,2016-01,22427443,0.9526220175880059
ARKANSAS,2017-01,22697840,1.1559732996619942
ARKANSAS,2018-01,22517998,1.171447568296258
ARKANSAS,2019-01,23340186,1.072573329107146
CALIFORNIA,1992-01,97231185,1.0490324477686865
CALIFORNIA,1993-01,104567486,1.0414491364935368
CALIFORNIA,1994-01,105830659,1.0887950910331192
CALIFORNIA,1995-01,109231147,1.0830554219118471
CALIFORNIA,1996-01,113361355,1.0880451631863433
CALIFORNIA,1997-01,117209422,1.118506403009137
CALIFORNIA,1998-01,120329505,1.204899604631466
CALIFORNIA,1999-01,133672890,1.1521911436193233
CALIFORNIA,2000-01,149772310,1.1516192479103782
CALIFORNIA,2001-01,170470259,1.0329126795073387
CALIFORNIA,2002-01,184927602,0.8178627006692056
CALIFORNIA,2003-01,204438461,0.9564984741300708
CALIFORNIA,2004-01,202889330,1.1321361650708788
CALIFORNIA,2012-01,269054704,0.89945468859002
CALIFORNIA,2013-01,283572491,1.1036855052347092
CALIFORNIA,2014-01,286668146,1.2010476636633356
CALIFORNIA,2015-01,320288030,0.9910071038246419
CALIFORNIA,2016-01,343799050,0.9404113071283937
CALIFORNIA,2017-01,349101994,1.1589801288846262
CALIFORNIA,2018-01,366359356,1.1757866639551577
CALIFORNIA,2019-01,395722730,1.1029930299935007
COLORADO,1992-01,7491923,1.2115758530887197
COLORADO,1993-01,8672886,1.1562177803328673
COLORADO,1994-01,8902738,1.1710204209087136
COLORADO,1995-01,9801852,1.178829368164302
COLORADO,1996-01,10216917,1.161444592336416
COLORADO,1997-01,10861228,1.1766292909052274
COLORADO,1998-01,11277701,1.1983209166478168
COLORADO,1999-01,13148371,1.0767980307218286
COLORADO,2000-01,13929779,1.2246858331348975
COLORADO,2001-01,15685926,1.2606476021881017
COLORADO,2002-01,17324984,0.7202341427847784
COLORADO,2003-01,17690925,0.7803970679882483
COLORADO,2004-01,18042055,1.2765628970757488
COLORADO,2012-01,28117189,0.9085773830378279
COLORADO,2013-01,28665167,1.105350615958386
COLORADO,2014-01,30751447,1.101947105123216
COLORADO,2015-01,32229154,0.9978407748462774
COLORADO,2016-01,34229139,0.9129938675933391
COLORADO,2017-01,35038990,1.020065275854127
COLORADO,2018-01,37327669,1.1716944875395245
COLORADO,2019-01,37744701,0.9245594235863731
CONNECTICUT,1992-01,11627201,1.0134908650843828
CONNECTICUT,1993-01,12507289,1.0189303213510137
CONNECTICUT,1994-01,12963972,0.9251362931052304
CONNECTICUT,1995-01,13575807,1.0104473347330292
CONNECTICUT,1996-01,13529622,1.0605977757545628
CONNECTICUT,1997-01,13826021,1.0501777771059366
CONNECTICUT,1998-01,14516273,1.1380605751903399
CONNECTICUT,1999-01,15213482,1.080454034125784
CONNECTICUT,2000-01,16723201,1.0767751939356587
CONNECTICUT,2001-01,18198484,0.9741570231894041
CONNECTICUT,2002-01,20117270,0.8447054197711718
CONNECTICUT,2003-01,20721194,0.880284070502887
CONNECTICUT,2004-01,19528569,0.9724243491676221
CONNECTICUT,2012-01,28457194,0.9605016221908598
CONNECTICUT,2013-01,28914528,1.0739025724369424
CONNECTICUT,2014-01,29864591,1.044430342273899
CONNECTICUT,2015-01,27260850,1.0793361542284998
CONNECTICUT,2016-01,28148820,1.025699656326624
CONNECTICUT,2017-01,27866314,1.3295736924517538
CONNECTICUT,2018-01,28121963,1.3190208308004672
CONNECTICUT,2019-01,28768919,1.3294849903814598
DELAWARE,1992-01,2474886,1.1415548029282965
DELAWARE,1993-01,2556970,1.1248954817616164
DELAWARE,1994-01,2617153,1.2367568881146804
DELAWARE,1995-01,2980188,1.1546956098071666
DELAWARE,1996-01,3248174,1.1126894679903232
DELAWARE,1997-01,3403619,1.2371164340074492
DELAWARE,1998-01,3465428,1.325665112649866
DELAWARE,1999-01,3940802,1.1521626816064345
DELAWARE,2000-01,4210656,1.2259087420107462
DELAWARE,2001-01,4311551,1.186117942243986
DELAWARE,2002-01,4644236,1.0082379534545618
DELAWARE,2003-01,4857901,1.0376298323082336
DELAWARE,2004-01,5387960,1.0621240692210039
DELAWARE,2012-01,8035406,0.9926216547116599
DELAWARE,2013-01,8538142,1.056643939629957
DELAWARE,2014-01,8827126,1.0412350520429865
DELAWARE,2015-01,8854841,0.9226488651800749
DELAWARE,2016-01,9281102,0.8805256099976059
DELAWARE,2017-01,9993666,0.9900199786544798
DELAWARE,2018-01,10070970,1.0646224742998938
DELAWARE,2019-01,10569602,1.016656350920309
FLORIDA,1992-01,27237535,1.0427952823190498
FLORIDA,1993-01,30103196,1.1033951677423222
FLORIDA,1994-01,32283742,1.0780911642770532
FLORIDA,1995-01,34749505,1.0751067964853025
FLORIDA,1996-01,36454217,1.1441446403855005
FLORIDA,1997-01,37463858,1.1059212588303104
FLORIDA,1998-01,39214010,1.3197294538355042
FLORIDA,1999-01,42458875,1.1589743016036105
FLORIDA,2000-01,45207930,1.141861925551557
FLORIDA,2001-01,50264767,0.9225262100588271
FLORIDA,2002-01,51838351,0.9353911739977995
FLORIDA,2003-01,56317331,0.9803839070427539
FLORIDA,2004-01,58410670,1.2787350324863591
FLORIDA,2012-01,80546775,0.9388733689213503
FLORIDA,2013-01,80496743,1.2164632921856229
FLORIDA,2014-01,83123147,1.2725015331770344
FLORIDA,2015-01,84802960,1.0694789663002329
FLORIDA,2016-01,85763417,1.0140072893784071
FLORIDA,2017-01,90521044,1.1930567106583525
FLORIDA,2018-01,97294564,1.1398251602216953
FLORIDA,2019-01,103091862,1.0360654364745105
GEORGIA,1992-01,14053580,1.0503437558259177
GEORGIA,1993-01,15308038,1.0820932767478106
GEORGIA,1994-01,16822841,1.0857054405971025
GEORGIA,1995-01,19154482,1.0589434368415707
GEORGIA,1996-01,20013038,1.1197189052456704
GEORGIA,1997-01,21975372,1.0934263137843583
GEORGIA,1998-01,21735461,1.182730929884579
GEORGIA,1999-01,23203145,1.1911547766477346
GEORGIA,2000-01,24812898,1.1941238383360138
GEORGIA,2001-01,27860155,0.906312940470001
GEORGIA,2002-01,31352991,0.7924762584851952
GEORGIA,2003-01,32526824,0.9184534278538845
GEORGIA,2004-01,34229517,0.990336118385778
GEORGIA,2012-01,43983937,0.8929838181607072
GEORGIA,2013-01,44591375,1.1191271854702842
GEORGIA,2014-01,45531594,1.1691636361336262
GEORGIA,2015-01,45295915,1.0029577060094712
GEORGIA,2016-01,47459456,0.9613170239456601
GEORGIA,2017-01,49613070,1.1871976275606408
GEORGIA,2018-01,51463009,1.130055473437241
GEORGIA,2019-01,53358128,1.1004397680518327
HAWAII,1992-01,5301336,0.9994740948319443
HAWAII,1993-01,5605688,0.9888452586016203
HAWAII,1994-01,5805649,0.9814131029967537
HAWAII,1995-01,6014741,0.9605605627906505
HAWAII,1996-01,5946676,1.0734311067224782
HAWAII,1997-01,6093375,1.0996442858022033
HAWAII,1998-01,5860425,1.153626230179552
HAWAII,1999-01,6265729,1.060751270921548
HAWAII,2000-01,6604609,1.0508778036671058
HAWAII,2001-01,6792058,0.9704195694441949
HAWAII,2002-01,7445512,0.7882216830756569
HAWAII,2003-01,7611286,0.8944818260672375
HAWAII,2004-01,7875322,1.0692677708924156
HAWAII,2012-01,11682152,0.9060231368330082
HAWAII,2013-01,11719130,1.13834866581393
HAWAII,2014-01,12330263,1.1479515076036901
HAWAII,2015-01,11863592,1.1172208214847577
HAWAII,2016-01,12365540,1.085768353019763
HAWAII,2017-01,12692153,1.3163501889710911
HAWAII,2018-01,13659807,1.2104874541785253
HAWAII,2019-01,14246298,1.1712261669663235
IDAHO,1992-01,2604107,1.0856827311627364
IDAHO,1993-01,2775537,1.2260495896830055
IDAHO,1994-01,2989324,1.2138142268954453
IDAHO,1995-01,3360314,1.1443350234531653
IDAHO,1996-01,3501298,1.2520156810417165
IDAHO,1997-01,3674210,1.1673728502181422
IDAHO,1998-01,3785613,1.2429091404747394
IDAHO,1999-01,4230335,1.1513097662478267
IDAHO,2000-01,4492552,1.2412285934586844
IDAHO,2001-01,4951659,1.067540595990152
IDAHO,2002-01,5234047,0.8574000195259996
IDAHO,2003-01,5415138,1.014377288261167
IDAHO,2004-01,5762624,1.234223159449584
IDAHO,2012-01,8299878,1.0078418020120297
IDAHO,2013-01,8531736,1.145790141654641
IDAHO,2014-01,8735788,1.1961432672129864
IDAHO,2015-01,8869375,1.0586368261574237
IDAHO,2016-01,9161671,1.03277950059547
IDAHO,2017-01,9584602,1.223103578009812
IDAHO,2018-01,10438522,1.156118749378504
IDAHO,2019-01,11152978,1.0767139503009868
ILLINOIS,1992-01,26831659,1.0384986258210869
ILLINOIS,1993-01,28125650,1.0791172470680677
ILLINOIS,1994-01,29448511,1.0831314017880225
ILLINOIS,1995-01,32991313,1.051461728728408
ILLINOIS,1996-01,34111276,1.0911809924671243
ILLINOIS,1997-01,35301874,1.1058355145678669
ILLINOIS,1998-01,35685258,1.133812091256283
ILLINOIS,1999-01,38313971,1.1299911982498498
ILLINOIS,2000-01,41182904,1.178257609031165
ILLINOIS,2001-01,45170257,1.0482162410543734
ILLINOIS,2002-01,49131377,0.8364266077867103
ILLINOIS,2003-01,51291090,0.8660924928676696
ILLINOIS,2004-01,54861810,1.0869670541310978
ILLINOIS,2012-01,78153823,0.8897714063200721
ILLINOIS,2013-01,80697442,1.1010009957936462
ILLINOIS,2014-01,83735573,1.1023470514735714
ILLINOIS,2015-01,85262193,0.9509622864145659
ILLINOIS,2016-01,79673954,0.9301529706935343
ILLINOIS,2017-01,87361156,1.087818755511889
ILLINOIS,2018-01,92334732,1.0870737459875879
ILLINOIS,2019-01,90637346,1.0146564750472724
INDIANA,1992-01,12340722,1.1325920801068203
INDIANA,1993-01,14136343,1.0379738239232028
INDIANA,1994-01,15048020,1.0508669579120709
INDIANA,1995-01,15284083,1.0638855468136361
INDIANA,1996-01,15367687,1.0769309005317456
INDIANA,1997-01,16370436,1.0712516148012186
INDIANA,1998-01,17223182,1.074583488695643
INDIANA,1999-01,18613822,1.028754975737922
INDIANA,2000-01,20289362,1.008232195768403
INDIANA,2001-01,21583665,0.9621613382157294
INDIANA,2002-01,22205168,0.9059171270399755
INDIANA,2003-01,23089940,1.0633805458134582
INDIANA,2004-01,25487654,1.0573823310689952
INDIANA,2012-01,35952271,0.9490826045453429
INDIANA,2013-01,36737110,1.021977667813282
INDIANA,2014-01,37126721,1.0386014698146921
INDIANA,2015-01,37405636,1.041935044227025
INDIANA,2016-01,39249194,1.0185785980726128
INDIANA,2017-01,40870722,1.0821211575366836
INDIANA,2018-01,41703405,1.1096613094302492
INDIANA,2019-01,43294469,1.1021687088944319
IOWA,1992-01,7196808,1.046964432009302
IOWA,1993-01,7766918,1.0588624728624663
IOWA,1994-01,8101063,1.106119900561198
IOWA,1995-01,8585952,1.0794552543503622
IOWA,1996-01,8853150,1.0442451556790522
IOWA,1997-01,9347768,1.0172550281521748
IOWA,1998-01,9729171,1.030858847069293
IOWA,1999-01,10320512,1.1267877988998996
IOWA,2000-01,11453109,0.9900812958298049
IOWA,2001-01,12271461,0.8357157309956817
IOWA,2002-01,12720752,0.8749758662066519
IOWA,2003-01,13088000,0.9911904798288509
IOWA,2004-01,13424350,1.1444140684651398
IOWA,2012-01,20030601,1.1079298619147773
IOWA,2013-01,20013121,1.2714277298378398
IOWA,2014-01,21185747,1.2742703384497134
IOWA,2015-01,22478436,1.130746107069015
IOWA,2016-01,22900620,1.096134253133758
IOWA,2017-01,22750127,1.288589905454154
IOWA,2018-01,23847289,1.2202494799304022
IOWA,2019-01,24468184,1.2673250699765868
KANSAS,1992-01,5484122,1.0532426156821457
KANSAS,1993-01,5742465,1.1766286777542396
KANSAS,1994-01,6654192,1.1231924176519104
KANSAS,1995-01,7116429,1.0362485173392442
KANSAS,1996-01,7275754,1.0808841255490496
KANSAS,1997-01,7496081,1.0605224249844685
KANSAS,1998-01,7681014,1.099333629648377
KANSAS,1999-01,8370653,1.0378073251871747
KANSAS,2000-01,9123858,1.1391993387007997
KANSAS,2001-01,10196910,0.8544977841326441
KANSAS,2002-01,10591633,0.9152802027789294
KANSAS,2003-01,10954011,0.9495822123969019
KANSAS,2004-01,11362755,0.9748758113679297
KANSAS,2012-01,16273114,0.8471260018211634
KANSAS,2013-01,16319278,1.1485519763803276
KANSAS,2014-01,16899267,1.126683896999793
KANSAS,2015-01,18010288,1.0035148799397322
KANSAS,2016-01,18652551,0.9556395798086814
KANSAS,2017-01,19766053,1.1096179899952712
KANSAS,2018-01,19769863,1.1363583551388292
KANSAS,2019-01,20623250,1.1316887493484296
KENTUCKY,1992-01,10154199,1.0478177549996803
KENTUCKY,1993-01,10543212,1.0749259333872827
KENTUCKY,1994-01,10541432,1.112707931901472
KENTUCKY,1995-01,11395067,1.1273143018816827
KENTUCKY,1996-01,11842386,1.164315366852592
KENTUCKY,1997-01,12949018,1.1608994597119255
KENTUCKY,1998-01,13541073,1.1807841224990072
KENTUCKY,1999-01,14777655,1.1404454901674184
KENTUCKY,2000-01,15682365,1.2402887574673847
KENTUCKY,2001-01,17338956,1.070404642586324
KENTUCKY,2002-01,18424584,0.8723615686519707
KENTUCKY,2003-01,19116816,0.9613213309161944
KENTUCKY,2004-01,20123773,1.0085454651073633
KENTUCKY,2012-01,29450261,0.8443465407658017
KENTUCKY,2013-01,29001676,0.986437163148778
KENTUCKY,2014-01,30596678,1.0139710592110687
KENTUCKY,2015-01,33422994,0.8909113588088488
KENTUCKY,2016-01,34574385,0.8648236837762986
KENTUCKY,2017-01,34798937,1.044040138352502
KENTUCKY,2018-01,35308122,1.0287372406836024
KENTUCKY,2019-01,35324395,1.0405520604103764
LOUISIANA,1992-01,11749590,0.9795519673452435
LOUISIANA,1993-01,12893236,1.0352928465747466
LOUISIANA,1994-01,12935620,1.0455188850631048
LOUISIANA,1995-01,14461235,0.9650639796670202
LOUISIANA,1996-01,14029815,1.0189861377359573
LOUISIANA,1997-01,14285704,1.1150293328211196
LOUISIANA,1998-01,14918718,1.1800837042432197
LOUISIANA,1999-01,15705909,1.132433659204316
LOUISIANA,2000-01,16553676,1.1349865733750015
LOUISIANA,2001-01,16410263,1.0853852250874956
LOUISIANA,2002-01,17993401,1.0055704310708131
LOUISIANA,2003-01,18681314,1.0404851072039152
LOUISIANA,2004-01,20482301,1.1449580786846165
LOUISIANA,2012-01,30943626,0.8705554093757467
LOUISIANA,2013-01,31268399,1.0634029583670082
LOUISIANA,2014-01,31662474,1.0905376503428001
LOUISIANA,2015-01,30614617,0.9189733779782383
LOUISIANA,2016-01,31382182,0.8516984574240248
LOUISIANA,2017-01,33709206,1.1136077782431304
LOUISIANA,2018-01,35072725,1.096119762579041
LOUISIANA,2019-01,36087759,1.0183531485011303
MAINE,1992-01,3721512,1.010608053930768
MAINE,1993-01,3888537,1.0095285193377355
MAINE,1994-01,3901756,1.0502773622953356
MAINE,1995-01,4179160,1.0068899013198824
MAINE,1996-01,4239839,1.006378072374918
MAINE,1997-01,4441284,1.1742108813577334
MAINE,1998-01,4606471,1.2351359641686661
MAINE,1999-01,4864878,1.2102108213196714
MAINE,2000-01,5448061,1.1552102665517145
MAINE,2001-01,5737911,0.9075452721382399
MAINE,2002-01,6264883,0.8701555958826366
MAINE,2003-01,6706116,1.0141773569082313
MAINE,2004-01,7305731,1.1562656769048847
MAINE,2012-01,8889996,0.9661982975020461
MAINE,2013-01,8789329,1.1285423494785551
MAINE,2014-01,9161773,1.1584162803422438
MAINE,2015-01,8605330,1.036169327614397
MAINE,2016-01,8917608,0.9885800093477982
MAINE,2017-01,9150721,1.2171820122152124
MAINE,2018-01,9370699,1.193862485605396
MAINE,2019-01,9719601,1.1609986870860234
MARYLAND,1992-01,13004350,1.0558158616155364
MARYLAND,1993-01,13537324,1.0963397935958392
MARYLAND,1994-01,14202580,1.0970740527425298
MARYLAND,1995-01,15069402,1.0902714653176018
MARYLAND,1996-01,15554009,1.031319449538701
MARYLAND,1997-01,16199545,1.2425331699131057
MARYLAND,1998-01,16578483,1.2401073125930762
MARYLAND,1999-01,17593437,1.1147721732825713
MARYLAND,2000-01,19370058,1.103026124134476
MARYLAND,2001-01,21474574,0.9750453256954015
MARYLAND,2002-01,23317261,0.8915236227788504
MARYLAND,2003-01,24592128,0.8865211664480601
MARYLAND,2004-01,25202230,1.132285436645884
MARYLAND,2012-01,38930310,0.9270870178018105
MARYLAND,2013-01,39494734,1.0780261743249113
MARYLAND,2014-01,41172771,1.0691388976466996
MARYLAND,2015-01,43311212,0.97023909190073
MARYLAND,2016-01,43902288,0.9692629003754885
MARYLAND,2017-01,45683724,1.0914592689510163
MARYLAND,2018-01,46334862,1.0806649861177962
MARYLAND,2019-01,48598727,1.0574191994782085
MASSACHUSETTS,1992-01,20367654,1.0043142425730522
MASSACHUSETTS,1993-01,21556575,1.0012844340995728
MASSACHUSETTS,1994-01,22454018,0.9930654727363272
MASSACHUSETTS,1995-01,24282382,0.9925115254343664
MASSACHUSETTS,1996-01,24949729,1.0098996666456779
MASSACHUSETTS,1997-01,25790660,1.0289762650509913
MASSACHUSETTS,1998-01,27194316,1.0382568916239703
MASSACHUSETTS,1999-01,28030302,1.003196255252619
MASSACHUSETTS,2000-01,29478165,1.0859069077060937
MASSACHUSETTS,2001-01,32435081,0.9034635369031451
MASSACHUSETTS,2002-01,32847974,0.8184750755099842
MASSACHUSETTS,2003-01,32710435,0.9284893031841368
MASSACHUSETTS,2004-01,36981953,1.1295797709764004
MASSACHUSETTS,2012-01,55628081,0.8831034635187218
MASSACHUSETTS,2013-01,56369796,1.0130669977943507
MASSACHUSETTS,2014-01,59856963,1.0214347326642683
MASSACHUSETTS,2015-01,61499719,0.948627456330329
MASSACHUSETTS,2016-01,64190467,0.9317295977921457
MASSACHUSETTS,2017-01,65392160,1.0464957878742651
MASSACHUSETTS,2018-01,67437097,1.0545770379172756
MASSACHUSETTS,2019-01,69274063,1.035297539859904
MICHIGAN,1992-01,25527211,1.0302006357059532
MICHIGAN,1993-01,27050527,1.0516954068953999
MICHIGAN,1994-01,29305100,1.0856218542165015
MICHIGAN,1995-01,34668698,1.0190268466384287
MICHIGAN,1996-01,35079667,1.0723473230233342
MICHIGAN,1997-01,36092175,1.2609165560124875
MICHIGAN,1998-01,37409791,1.0710834230536064
MICHIGAN,1999-01,38798045,1.2042981547137233
MICHIGAN,2000-01,42748895,1.1581928374990746
MICHIGAN,2001-01,46537374,0.924906506327581
MICHIGAN,2002-01,49027432,0.896143897563307
MICHIGAN,2003-01,51016280,0.981580840468964
MICHIGAN,2004-01,52489571,1.058444486048476
MICHIGAN,2012-01,61726983,1.0527410354722828
MICHIGAN,2013-01,62945176,1.0854703782224708
MICHIGAN,2014-01,66319103,1.0696005794891406
MICHIGAN,2015-01,67661561,0.9896545248194909
MICHIGAN,2016-01,70110424,1.0175055994526576
MICHIGAN,2017-01,72071461,1.1026251847454571
MICHIGAN,2018-01,76304872,1.0699806691242468
MICHIGAN,2019-01,80474939,0.9758082948034295
MINNESOTA,1992-01,13526177,1.1156482722353849
MINNESOTA,1993-01,14295081,1.1364028647336801
MINNESOTA,1994-01,15278260,1.124578256948108
MINNESOTA,1995-01,16379809,1.1190142693361076
MINNESOTA,1996-01,17325287,1.1847000860649524
MINNESOTA,1997-01,18443264,1.2406497027857977
MINNESOTA,1998-01,18418302,1.3306741305468877
MINNESOTA,1999-01,20387584,1.2306110424854657
MINNESOTA,2000-01,23326005,1.1527281246831593
MINNESOTA,2001-01,24612196,1.0618913078702932
MINNESOTA,2002-01,26692608,0.8406261763556412
MINNESOTA,2003-01,28898514,0.8857309064403796
MINNESOTA,2004-01,28226351,1.0524994888641468
MINNESOTA,2012-01,38233383,0.9938161632205029
MINNESOTA,2013-01,39556269,1.190634435214302
MINNESOTA,2014-01,42501434,1.159451184635323
MINNESOTA,2015-01,43075825,1.091807806350778
MINNESOTA,2016-01,46326308,0.9563536554650546
MINNESOTA,2017-01,47247086,1.137368281294639
MINNESOTA,2018-01,49784361,1.1753831891103312
MINNESOTA,2019-01,50944993,1.12403462299033
MISSISSIPPI,1992-01,5762085,1.0720752991321718
MISSISSIPPI,1993-01,6217303,1.154876961923844
MISSISSIPPI,1994-01,6796348,1.1325001309526823
MISSISSIPPI,1995-01,7413908,1.1196157276297467
MISSISSIPPI,1996-01,8216867,1.0788616877941435
MISSISSIPPI,1997-01,9005740,1.0438231616724445
MISSISSIPPI,1998-01,9335836,1.1366141179001001
MISSISSIPPI,1999-01,9926812,1.0779812290189439
MISSISSIPPI,2000-01,10972174,1.1101754310494893
MISSISSIPPI,2001-01,11727422,0.9970604792766902
MISSISSIPPI,2002-01,12742438,0.8673734963434784
MISSISSIPPI,2003-01,13502885,0.991863664690916
MISSISSIPPI,2004-01,14263288,1.0762649537750342
MISSISSIPPI,2012-01,20051299,0.9358597664919365
MISSISSIPPI,2013-01,20101927,1.1016573187237224
MISSISSIPPI,2014-01,20173971,1.1532838527427247
MISSISSIPPI,2015-01,21139895,1.0091420510839813
MISSISSIPPI,2016-01,21860791,0.9528244883728132
MISSISSIPPI,2017-01,21859932,1.1313623024993857
MISSISSIPPI,2018-01,21831201,1.0919895336953749
MISSISSIPPI,2019-01,22361490,1.0597315742376738
MISSOURI,1992-01,10445849,1.1123314150912962
MISSOURI,1993-01,10893557,1.1528619164520826
MISSOURI,1994-01,11548995,1.156696838123144
MISSOURI,1995-01,12482046,1.248700253147601
MISSOURI,1996-01,12944475,1.317225070927944
MISSOURI,1997-01,14229714,1.1666169819013932
MISSOURI,1998-01,15313244,1.2421036979493045
MISSOURI,1999-01,16524873,1.18032253561041
MISSOURI,2000-01,17293111,1.174410145172838
MISSOURI,2001-01,18888113,1.0659580975611487
MISSOURI,2002-01,20840783,0.9157696234349736
MISSOURI,2003-01,21566197,1.021214774213553
MISSOURI,2004-01,22038965,1.190516160808822
MISSOURI,2012-01,31621603,0.9686191430586235
MISSOURI,2013-01,31046734,1.1539563871678096
MISSOURI,2014-01,31544025,1.2212035401316097
MISSOURI,2015-01,32251224,1.0560297494445483
MISSOURI,2016-01,32964751,1.004624424434451
MISSOURI,2017-01,34107666,1.1812794812755585
MISSOURI,2018-01,34968687,1.1675614529078544
MISSOURI,2019-01,35295498,1.1196486872065101
MONTANA,1992-01,2459779,1.1161490524148714
MONTANA,1993-01,2663089,1.1350274061437677
MONTANA,1994-01,2777675,1.1398558146651425
MONTANA,1995-01,2987807,1.1020367112065805
MONTANA,1996-01,3136205,1.0938095564543773
MONTANA,1997-01,3203897,1.0998518366851369
MONTANA,1998-01,3262167,1.1114896938139587
MONTANA,1999-01,3511965,1.0607511749120506
MONTANA,2000-01,3718168,1.130749605719806
MONTANA,2001-01,4048049,1.0435543146834438
MONTANA,2002-01,4265076,0.9456291048506521
MONTANA,2003-01,4436890,1.0385918965762053
MONTANA,2004-01,4691318,1.140193011857222
MONTANA,2012-01,6362612,1.0745671746131935
MONTANA,2013-01,6477930,1.225074985373414
MONTANA,2014-01,6637771,1.2550065375861867
MONTANA,2015-01,6733629,1.1036595571273677
MONTANA,2016-01,7020952,1.004550949785727
MONTANA,2017-01,7791483,1.154119183729208
MONTANA,2018-01,7849765,1.4254010151896266
MONTANA,2019-01,8033903,1.129028692529646
NEBRASKA,1992-01,3623768,1.0355538765174812
NEBRASKA,1993-01,3822975,1.0175931048463567
NEBRASKA,1994-01,3990927,1.1141178478082912
NEBRASKA,1995-01,4250378,1.0856984955220452
NEBRASKA,1996-01,4489725,1.1134107322831577
NEBRASKA,1997-01,4801745,1.1531913918794106
NEBRASKA,1998-01,4753513,1.185585481726883
NEBRASKA,1999-01,5183613,1.0756078819927337
NEBRASKA,2000-01,5772418,1.0714716086049207
NEBRASKA,2001-01,6111217,0.9726249288807778
NEBRASKA,2002-01,6536970,0.9181516818954347
NEBRASKA,2003-01,6823849,1.0676100834001456
NEBRASKA,2004-01,6974335,1.197059791363621
NEBRASKA,2012-01,9457023,1.0388240569997556
NEBRASKA,2013-01,9776577,1.1960881605085296
NEBRASKA,2014-01,10062871,1.2021407210725448
NEBRASKA,2015-01,10375930,1.059482475305828
NEBRASKA,2016-01,10663426,0.9971059957653384
NEBRASKA,2017-01,10885615,1.1297013535753377
NEBRASKA,2018-01,11058480,1.125560926999009
NEBRASKA,2019-01,11149997,1.1023663952555323
NEVADA,1992-01,3825931,1.0336106427429037
NEVADA,1993-01,4050542,1.104537614966096
NEVADA,1994-01,4202574,1.134229165268714
NEVADA,1995-01,4581276,1.1957205809036608
NEVADA,1996-01,4831342,1.2426110592046682
NEVADA,1997-01,5129625,1.2660471282013792
NEVADA,1998-01,5397584,1.356156569309528
NEVADA,1999-01,6103167,1.2408197252344562
NEVADA,2000-01,6047267,1.204689490310251
NEVADA,2001-01,6747035,0.9847135815954712
NEVADA,2002-01,7410738,0.9294835413153184
NEVADA,2003-01,7816481,1.0684274675522143
NEVADA,2004-01,8575428,1.1890426926795956
NEVADA,2012-01,13118898,1.0458941749528048
NEVADA,2013-01,12973599,1.306259273159283
NEVADA,2014-01,13128288,1.3924485050906865
NEVADA,2015-01,14080059,1.167009811535591
NEVADA,2016-01,14656453,1.1456655986274442
NEVADA,2017-01,16216524,1.3512059674440713
NEVADA,2018-01,17410690,1.2651082754330816
NEVADA,2019-01,17769897,1.2947618098180311
NEW HAMPSHIRE,1992-01,2871051,0.9949938193365426
NEW HAMPSHIRE,1993-01,2897994,0.9917335922710675
NEW HAMPSHIRE,1994-01,3178735,0.9692761428681536
NEW HAMPSHIRE,1995-01,3095874,1.056179611960952
NEW HAMPSHIRE,1996-01,3240034,1.0990116153102096
NEW HAMPSHIRE,1997-01,3323538,1.0713733376901362
NEW HAMPSHIRE,1998-01,3477180,1.153319068900661
NEW HAMPSHIRE,1999-01,3594322,1.1196186652169728
NEW HAMPSHIRE,2000-01,4366072,1.1436293308951386
NEW HAMPSHIRE,2001-01,4411243,1.0370836519321198
NEW HAMPSHIRE,2002-01,4822727,0.9613596208120426
NEW HAMPSHIRE,2003-01,5276466,0.9868036674546941
NEW HAMPSHIRE,2004-01,5538549,1.0375564069217407
NEW HAMPSHIRE,2012-01,7594938,0.9456879042330563
NEW HAMPSHIRE,2013-01,7610929,1.1079410936562408
NEW HAMPSHIRE,2014-01,7663950,1.1108993404184526
NEW HAMPSHIRE,2015-01,8010099,1.0018723863462862
NEW HAMPSHIRE,2016-01,8534007,0.9752282837358817
NEW HAMPSHIRE,2017-01,8797525,1.0791643104168502
NEW HAMPSHIRE,2018-01,8889600,1.0958308585313175
NEW HAMPSHIRE,2019-01,9050114,1.0524405548924578
NEW JERSEY,1992-01,29316217,0.9865458425280451
NEW JERSEY,1993-01,28922752,1.0237886422426192
NEW JERSEY,1994-01,29605770,1.0068213392186727
NEW JERSEY,1995-01,32605483,1.0021385053550655
NEW JERSEY,1996-01,32314887,1.1096188886564882
NEW JERSEY,1997-01,29429586,1.2262067499012728
NEW JERSEY,1998-01,31701874,1.1673544283218085
NEW JERSEY,1999-01,32058406,1.221208471812354
NEW JERSEY,2000-01,34783171,1.217250117880282
NEW JERSEY,2001-01,37659554,1.1361838751462643
NEW JERSEY,2002-01,41987647,0.7790205771711856
NEW JERSEY,2003-01,44947598,1.0251406537897754
NEW JERSEY,2004-01,48975600,1.042177839577259
NEW JERSEY,2012-01,71913710,0.8373932314158177
NEW JERSEY,2013-01,72462324,0.9846812807163071
NEW JERSEY,2014-01,75090096,0.9979276894252472
NEW JERSEY,2015-01,76152869,0.9248112241181616
NEW JERSEY,2016-01,77324516,0.8669798851375934
NEW JERSEY,2017-01,75987690,1.0792863686210228
NEW JERSEY,2018-01,78050214,1.0898318997562262
NEW JERSEY,2019-01,80668031,1.0750284706961548
NEW MEXICO,1992-01,5183563,1.0769370411819053
NEW MEXICO,1993-01,5599499,1.12561588099221
NEW MEXICO,1994-01,5995357,1.1189518822648927
NEW MEXICO,1995-01,6363127,1.0426412988456777
NEW MEXICO,1996-01,6747602,1.2068189558305307
NEW MEXICO,1997-01,7058693,1.1600124838975148
NEW MEXICO,1998-01,7539619,1.2014596493536345
NEW MEXICO,1999-01,8089399,1.0825131755770732
NEW MEXICO,2000-01,8700579,1.2149085710272844
NEW MEXICO,2001-01,9173756,0.9918755196889911
NEW MEXICO,2002-01,10083987,0.8673407651160201
NEW MEXICO,2003-01,10672603,0.9227045173515777
NEW MEXICO,2004-01,11233417,1.0544517309381465
NEW MEXICO,2012-01,16978696,0.9171234940539603
NEW MEXICO,2013-01,17113543,1.064180281079143
NEW MEXICO,2014-01,17675570,1.1487635759412567
NEW MEXICO,2015-01,20012259,0.9673554594711172
NEW MEXICO,2016-01,20808142,0.8896738593959999
NEW MEXICO,2017-01,20735008,1.0142283523594493
NEW MEXICO,2018-01,21503299,0.9842313032990891
NEW MEXICO,2019-01,22156771,1.0950363660842097
NEW YORK,1992-01,73153357,1.0243361217175584
NEW YORK,1993-01,74279884,1.0529017654362518
NEW YORK,1994-01,76871574,1.069335499751833
NEW YORK,1995-01,81371988,1.1182854473212576
NEW YORK,1996-01,82420166,1.1438643668832214
NEW YORK,1997-01,83243290,1.1465477878156907
NEW YORK,1998-01,87338292,1.1006791957873414
NEW YORK,1999-01,92583501,1.1043205419505577
NEW YORK,2000-01,96924806,1.1493142116786903
NEW YORK,2001-01,106598603,1.0547846485380301
NEW YORK,2002-01,119198996,0.8769672355293999
NEW YORK,2003-01,127475233,0.927823964047981
NEW YORK,2004-01,132897176,1.0426363160643835
NEW YORK,2012-01,181240199,0.9563278067245997
NEW YORK,2013-01,186993298,1.0289195658766337
NEW YORK,2014-01,178866850,1.141568155306587
NEW YORK,2015-01,189878434,1.0296124677329075
NEW YORK,2016-01,194351031,0.9426771808583819
NEW YORK,2017-01,200001828,1.0889009324454775
NEW YORK,2018-01,211161164,1.0832323693764068
NEW YORK,2019-01,218317054,1.0297883966499475
NORTH CAROLINA,1992-01,16045514,1.1008647650676693
NORTH CAROLINA,1993-01,16915667,1.1453285879888744
NORTH CAROLINA,1994-01,19039785,1.1056270855999688
NORTH CAROLINA,1995-01,20436613,1.0809684070447485
NORTH CAROLINA,1996-01,21220754,1.1021046660264757
NORTH CAROLINA,1997-01,22864451,1.1164360342612205
NORTH CAROLINA,1998-01,24604942,1.3544829733799006
NORTH CAROLINA,1999-01,26830081,1.2696171882597
NORTH CAROLINA,2000-01,29615132,1.1602649618445058
NORTH CAROLINA,2001-01,31626851,1.0182091160450972
NORTH CAROLINA,2002-01,33123528,0.95169838188734
NORTH CAROLINA,2003-01,34360977,0.8743344230287747
NORTH CAROLINA,2004-01,37094848,1.1961542745774292
NORTH CAROLINA,2012-01,54583961,0.9579268715951194
NORTH CAROLINA,2013-01,56750314,1.0554962391926148
NORTH CAROLINA,2014-01,55353350,1.1475568506693814
NORTH CAROLINA,2015-01,54871243,1.0465441433502791
NORTH CAROLINA,2016-01,55720833,1.0244858507409607
NORTH CAROLINA,2017-01,58259312,1.1986857482971993
NORTH CAROLINA,2018-01,60928626,1.134757494777578
NORTH CAROLINA,2019-01,64503622,1.1092654765960275
NORTH DAKOTA,1992-01,2000615,1.0046950562701968
NORTH DAKOTA,1993-01,2119789,1.0602861888612498
NORTH DAKOTA,1994-01,2083430,1.0986579822696227
NORTH DAKOTA,1995-01,2212660,1.1065776034275487
NORTH DAKOTA,1996-01,2063612,1.2447276910582028
NORTH DAKOTA,1997-01,2425660,1.1615820024240826
NORTH DAKOTA,1998-01,2526823,1.2381001755959955
NORTH DAKOTA,1999-01,2674523,1.0976132940341137
NORTH DAKOTA,2000-01,2855663,1.153987707933324
NORTH DAKOTA,2001-01,2897950,1.1640104211597853
NORTH DAKOTA,2002-01,3020393,0.9988186967722412
NORTH DAKOTA,2003-01,3121369,1.0761646572385386
NORTH DAKOTA,2004-01,3254983,1.607881208596174
NORTH DAKOTA,2012-01,6327215,1.1752229061285258
NORTH DAKOTA,2013-01,6423374,1.4258143773038905
NORTH DAKOTA,2014-01,7529613,1.3274886770409051
NORTH DAKOTA,2015-01,7941790,1.2337557402046642
NORTH DAKOTA,2016-01,8302530,0.8808624599971334
NORTH DAKOTA,2017-01,7781327,1.0088685387466687
NORTH DAKOTA,2018-01,7197074,1.2456549703393351
NORTH DAKOTA,2019-01,7721630,1.2329694637013169
OHIO,1992-01,30424614,1.108064509873486
OHIO,1993-01,31664809,1.2108537588210306
OHIO,1994-01,33421575,1.2218563009074228
OHIO,1995-01,34990296,1.180500130664799
OHIO,1996-01,35517336,1.230617465228811
OHIO,1997-01,37406884,1.209667610913542
OHIO,1998-01,39209266,1.2275941865374373
OHIO,1999-01,41113309,1.2471177399026676
OHIO,2000-01,44630567,1.2384694552502549
OHIO,2001-01,47880092,1.1028100990282141
OHIO,2002-01,53473400,0.8188741879139909
OHIO,2003-01,56392224,0.8849549895389832
OHIO,2004-01,58679448,1.3007596288226841
OHIO,2012-01,76768108,0.9013906920827071
OHIO,2013-01,76412160,1.1510431454888856
OHIO,2014-01,80733876,1.1808066665844212
OHIO,2015-01,82701205,1.004881500819728
OHIO,2016-01,85802240,0.9044727736711768
OHIO,2017-01,87020358,1.1495546249074269
OHIO,2018-01,88495099,1.1675139772429657
OHIO,2019-01,89326118,0.9799696433690313
OKLAHOMA,1992-01,8183213,1.0105723754227098
OKLAHOMA,1993-01,8272337,1.0408148265719832
OKLAHOMA,1994-01,8492554,1.081425917338883
OKLAHOMA,1995-01,8989785,1.0189284838291461
OKLAHOMA,1996-01,9265486,1.1450132243467854
OKLAHOMA,1997-01,9592711,1.1808801495218608
OKLAHOMA,1998-01,9952733,1.2243765606894106
OKLAHOMA,1999-01,10655464,1.120090500047675
OKLAHOMA,2000-01,10629560,1.2339321665242964
OKLAHOMA,2001-01,13467982,0.9463872167337319
OKLAHOMA,2002-01,14727332,0.8918106144412308
OKLAHOMA,2003-01,15125090,0.9863564448211548
OKLAHOMA,2004-01,14959183,1.1808021200088268
OKLAHOMA,2012-01,22730143,1.0251178798127227
OKLAHOMA,2013-01,23045870,1.1677111777511546
OKLAHOMA,2014-01,23883287,1.1792147370669708
OKLAHOMA,2015-01,24156873,1.044459231126479
OKLAHOMA,2016-01,24714458,0.9210111749163182
OKLAHOMA,2017-01,25237314,1.0846489448124312
OKLAHOMA,2018-01,25320989,1.0866925853488583
OKLAHOMA,2019-01,25351517,1.1205968068893077
OREGON,1992-01,7978532,1.2576448900624826
OREGON,1993-01,9012743,1.2011537442041784
OREGON,1994-01,9104326,1.1957357414486256
OREGON,1995-01,11029980,1.177329061340093
OREGON,1996-01,11857897,1.325940932021926
OREGON,1997-01,12388248,1.2111822430419539
OREGON,1998-01,13465691,1.1650568099327394
OREGON,1999-01,13964746,1.1218325059403158
OREGON,2000-01,15776050,1.3318593691069691
OREGON,2001-01,16321295,1.1162482511344842
OREGON,2002-01,18029157,0.8217401401518662
OREGON,2003-01,18005773,1.0692176892377794
OREGON,2004-01,18587228,1.317479776973737
OREGON,2012-01,29908797,0.8813190647554296
OREGON,2013-01,29745209,1.1697132133110915
OREGON,2014-01,32738873,1.1554859875598038
OREGON,2015-01,34495603,1.0300160863980259
OREGON,2016-01,36172358,0.9268403237632449
OREGON,2017-01,36909588,1.1712912915744278
OREGON,2018-01,39434049,1.1252861201242612
OREGON,2019-01,41519679,1.080308665199459
PENNSYLVANIA,1992-01,34821691,1.0539101906337633
PENNSYLVANIA,1993-01,34359276,1.101349312482603
PENNSYLVANIA,1994-01,37817993,1.0114843482043059
PENNSYLVANIA,1995-01,39394469,1.0157617557936878
PENNSYLVANIA,1996-01,38698546,1.1058828928611426
PENNSYLVANIA,1997-01,39296244,1.2550189020609706
PENNSYLVANIA,1998-01,40803540,1.1887079160288543
PENNSYLVANIA,1999-01,44236777,1.1185651251220223
PENNSYLVANIA,2000-01,47681749,1.1433585626231957
PENNSYLVANIA,2001-01,51488402,0.8912199294901403
PENNSYLVANIA,2002-01,55170768,0.836756957960056
PENNSYLVANIA,2003-01,57428466,0.861234966645287
PENNSYLVANIA,2004-01,56969147,1.2149150486666054
PENNSYLVANIA,2012-01,86996108,0.869186653729383
PENNSYLVANIA,2013-01,87901101,1.031931818464936
PENNSYLVANIA,2014-01,88863423,1.0007921481935262
PENNSYLVANIA,2015-01,90222271,0.970596494960762
PENNSYLVANIA,2016-01,96739063,0.9344427907059634
PENNSYLVANIA,2017-01,103608416,1.0033349800464086
PENNSYLVANIA,2018-01,102297163,1.0813910157019702
PENNSYLVANIA,2019-01,108643120,1.0078255208429212
RHODE ISLAND,1992-01,4174717,0.9063701803020421
RHODE ISLAND,1993-01,3979032,0.9670253971317647
RHODE ISLAND,1994-01,3745364,1.1029181676333728
RHODE ISLAND,1995-01,4265140,0.9745136150278771
RHODE ISLAND,1996-01,4061406,1.0526773240596976
RHODE ISLAND,1997-01,4001776,1.0568577551567104
RHODE ISLAND,1998-01,3964337,1.1193644738073478
RHODE ISLAND,1999-01,4378203,1.2512400635603238
RHODE ISLAND,2000-01,4648008,1.202478567162535
RHODE ISLAND,2001-01,5261376,1.042434526633337
RHODE ISLAND,2002-01,5766687,0.8481911711178359
RHODE ISLAND,2003-01,5976510,0.9798340503069517
RHODE ISLAND,2004-01,6373515,1.1456202738990966
RHODE ISLAND,2012-01,8308171,0.9801584488330826
RHODE ISLAND,2013-01,8112281,1.1315118398881894
RHODE ISLAND,2014-01,8561274,1.0749814805600195
RHODE ISLAND,2015-01,8900825,0.9992171512191286
RHODE ISLAND,2016-01,8884859,0.9834344022792033
RHODE ISLAND,2017-01,9166091,1.0872210411177459
RHODE ISLAND,2018-01,9500045,1.080336672089448
RHODE ISLAND,2019-01,9840595,1.062907781490855
SOUTH CAROLINA,1992-01,9715357,1.0187473296143414
SOUTH CAROLINA,1993-01,10388282,1.023944767768145
SOUTH CAROLINA,1994-01,11209055,1.0052909901860594
SOUTH CAROLINA,1995-01,11623103,1.0382697288323093
SOUTH CAROLINA,1996-01,12399928,1.016284852621725
SOUTH CAROLINA,1997-01,12847221,1.0745320719554836
SOUTH CAROLINA,1998-01,13574926,1.1199313351689726
SOUTH CAROLINA,1999-01,14482992,1.0057495025889678
SOUTH CAROLINA,2000-01,16236728,0.9833157887475851
SOUTH CAROLINA,2001-01,18078717,0.9328775377146509
SOUTH CAROLINA,2002-01,20009040,0.8494558959350373
SOUTH CAROLINA,2003-01,21039752,0.9348611143325264
SOUTH CAROLINA,2004-01,21550915,1.0122374850441385
SOUTH CAROLINA,2012-01,27668443,0.9162116567238713
SOUTH CAROLINA,2013-01,28257170,1.036617042683326
SOUTH CAROLINA,2014-01,29154992,1.1066411885827305
SOUTH CAROLINA,2015-01,30366641,0.9995930073398634
SOUTH CAROLINA,2016-01,31336271,0.9447762626255051
SOUTH CAROLINA,2017-01,33405742,1.0564176362255326
SOUTH CAROLINA,2018-01,34841911,1.0393929311167807
SOUTH CAROLINA,2019-01,34572637,1.0469614163362777
SOUTH DAKOTA,1992-01,1564882,1.1221389216567128
SOUTH DAKOTA,1993-01,1686426,1.151642586155574
SOUTH DAKOTA,1994-01,1825640,1.1181361056944414
SOUTH DAKOTA,1995-01,1879678,1.1118297921239702
SOUTH DAKOTA,1996-01,1983498,1.1512872712752924
SOUTH DAKOTA,1997-01,2070482,1.118412041254162
SOUTH DAKOTA,1998-01,2244814,1.2804076417912575
SOUTH DAKOTA,1999-01,2271671,1.2703679362020293
SOUTH DAKOTA,2000-01,2403103,1.2072507919968474
SOUTH DAKOTA,2001-01,2690165,1.1787228664412777
SOUTH DAKOTA,2002-01,2771705,0.9019819930331691
SOUTH DAKOTA,2003-01,2898044,1.035125070564836
SOUTH DAKOTA,2004-01,3027787,1.2760544252287231
SOUTH DAKOTA,2012-01,4508858,0.9632113053904114
SOUTH DAKOTA,2013-01,4563817,1.2656302827216779
SOUTH DAKOTA,2014-01,4681730,1.2985718954318168
SOUTH DAKOTA,2015-01,4773791,0.9956332399135195
SOUTH DAKOTA,2016-01,5078806,0.8861064982596303
SOUTH DAKOTA,2017-01,5139886,1.1801308433688997
SOUTH DAKOTA,2018-01,5247974,1.0770196270027252
SOUTH DAKOTA,2019-01,5342988,1.0050301441814955
TENNESSEE,1992-01,10405568,1.1012160028169533
TENNESSEE,1993-01,11027994,1.1260896587357592
TENNESSEE,1994-01,11940244,1.0657251225351845
TENNESSEE,1995-01,13432374,0.9603597993921253
TENNESSEE,1996-01,13722981,1.0754954772581846
TENNESSEE,1997-01,14284301,1.0988496391948055
TENNESSEE,1998-01,14775178,1.1285961495692303
TENNESSEE,1999-01,15889978,1.063794298519482
TENNESSEE,2000-01,16853438,1.125578947156064
TENNESSEE,2001-01,18385079,0.9433863188730383
TENNESSEE,2002-01,20029048,0.8962947714739113
TENNESSEE,2003-01,21021917,0.9782343351465045
TENNESSEE,2004-01,22250066,1.0744811723255112
TENNESSEE,2012-01,31067206,0.9650691793784095
TENNESSEE,2013-01,30167208,1.0687923125003813
TENNESSEE,2014-01,30754205,1.1018869452161095
TENNESSEE,2015-01,30842097,0.9756707528674201
TENNESSEE,2016-01,31907326,0.9802448816926871
TENNESSEE,2017-01,32687273,1.1191609040007713
TENNESSEE,2018-01,33752272,1.079656445053536
TENNESSEE,2019-01,35197915,1.1434804021772311
TEXAS,1992-01,33893797,1.0834373912135014
TEXAS,1993-01,39080298,1.0751968933297285
TEXAS,1994-01,40966651,1.0993060916793027
TEXAS,1995-01,44643310,1.1070311094764256
TEXAS,1996-01,46081839,1.1166906772101695
TEXAS,1997-01,48887370,1.3063503722945211
TEXAS,1998-01,51064773,1.1320355228055161
TEXAS,1999-01,54761328,1.308380121826118
TEXAS,2000-01,60425369,1.196892848101598
TEXAS,2001-01,64685858,1.0129763603042878
TEXAS,2002-01,70036258,0.8622234643090155
TEXAS,2003-01,76386043,1.0816285901862988
TEXAS,2004-01,77163705,1.1726984208443594
TEXAS,2012-01,125554913,0.9813810710856053
TEXAS,2013-01,123646575,1.1235895697070462
TEXAS,2014-01,130357427,1.1826286660291323
TEXAS,2015-01,136514037,0.9790436422299928
TEXAS,2016-01,144881577,0.9898630106711221
TEXAS,2017-01,146454872,1.134995611480921
TEXAS,2018-01,156921554,1.1174403804336528
TEXAS,2019-01,163424749,1.03264219790847
UNITED STATES,1998-01,930036567,1.178299785066408
UTAH,1992-01,4480789,1.0972612189505018
UTAH,1993-01,4833722,1.1063834453036396
UTAH,1994-01,5132453,1.1509502376349088
UTAH,1995-01,5780232,1.0941782267562963
UTAH,1996-01,6171775,1.0960151658153447
UTAH,1997-01,6817750,1.1328758021341352
UTAH,1998-01,7470282,1.1729191749387775
UTAH,1999-01,7809598,1.1194163899345395
UTAH,2000-01,8591768,1.190366755713143
UTAH,2001-01,9253469,0.9868359638963506
UTAH,2002-01,10107055,0.837813487707349
UTAH,2003-01,10252051,1.1250588784624658
UTAH,2004-01,10794264,1.2198932692400335
UTAH,2012-01,17391588,0.901862900616091
UTAH,2013-01,17134159,1.0967929035793353
UTAH,2014-01,17660633,1.0923712643821997
UTAH,2015-01,18360434,1.0245116210215945
UTAH,2016-01,19641412,0.9268754201581841
UTAH,2017-01,20376858,1.0986937731028013
UTAH,2018-01,21675691,1.2121551280648908
UTAH,2019-01,22450665,1.0261795808721033
VERMONT,1992-01,1844978,1.0303494133805389
VERMONT,1993-01,1849412,1.0559096620980073
VERMONT,1994-01,1912903,1.059311946293147
VERMONT,1995-01,2013565,1.0298475589315468
VERMONT,1996-01,2061085,1.0412986363978196
VERMONT,1997-01,2123269,1.1161901765626494
VERMONT,1998-01,2295310,1.0336642980686706
VERMONT,1999-01,2602588,1.173740138661978
VERMONT,2000-01,3219388,1.0225222930569413
VERMONT,2001-01,3370929,0.9324135868776827
VERMONT,2002-01,3511510,0.9282639092584102
VERMONT,2003-01,3858957,0.9430887672498035
VERMONT,2004-01,3913616,1.0993899248163335
VERMONT,2012-01,6034907,0.9563637020421358
VERMONT,2013-01,6103135,1.0367335803648452
VERMONT,2014-01,6467887,1.0070782003458008
VERMONT,2015-01,6585027,0.9663096294062272
VERMONT,2016-01,6840342,0.9601799149808592
VERMONT,2017-01,6843630,1.02766967238147
VERMONT,2018-01,6951149,1.0300206483848928
VERMONT,2019-01,6955406,1.0381961886912137
VIRGINIA,1992-01,13920647,1.0984774630087237
VIRGINIA,1993-01,14721062,1.1077393057647607
VIRGINIA,1994-01,15522755,1.1141951927992164
VIRGINIA,1995-01,17040384,1.1145637328360676
VIRGINIA,1996-01,17832931,1.1319858748962803
VIRGINIA,1997-01,19286506,1.2610905780445665
VIRGINIA,1998-01,20529276,1.262505068371627
VIRGINIA,1999-01,22739177,1.1494871164422529
VIRGINIA,2000-01,24313963,1.2095503723518868
VIRGINIA,2001-01,26786593,0.8496836458447702
VIRGINIA,2002-01,28044327,0.8407009018258844
VIRGINIA,2003-01,29129136,0.967603295889037
VIRGINIA,2004-01,30352413,1.1747381666162753
VIRGINIA,2012-01,46759952,0.9225312720594752
VIRGINIA,2013-01,47614065,1.085822267012909
VIRGINIA,2014-01,48941622,1.0890966793049892
VIRGINIA,2015-01,50181974,1.0231895421252262
VIRGINIA,2016-01,52321827,0.9893612086596288
VIRGINIA,2017-01,53523906,1.1086433415378916
VIRGINIA,2018-01,56419046,1.0163074717711462
VIRGINIA,2019-01,59317111,1.1116404843115169
WASHINGTON,1992-01,17316358,1.0328391224066862
WASHINGTON,1993-01,18439421,1.0893580118377904
WASHINGTON,1994-01,19576673,0.9898913875713202
WASHINGTON,1995-01,21200290,1.1120512974114978
WASHINGTON,1996-01,21085737,1.1756767145487967
WASHINGTON,1997-01,22206885,1.2087002747120994
WASHINGTON,1998-01,22879901,1.2229080012190612
WASHINGTON,1999-01,24229780,1.1860226134946334
WASHINGTON,2000-01,25901790,1.1819940629585832
WASHINGTON,2001-01,27824006,0.8498457770602839
WASHINGTON,2002-01,30378008,0.7838934995342683
WASHINGTON,2003-01,32600336,0.9098488432757258
WASHINGTON,2004-01,32479709,1.079308007346987
WASHINGTON,2012-01,45690215,0.8930516741932599
WASHINGTON,2013-01,45003333,1.0887788688895554
WASHINGTON,2014-01,48117245,1.1439206878947454
WASHINGTON,2015-01,50812399,0.984182817268675
WASHINGTON,2016-01,52736997,0.9703587028286802
WASHINGTON,2017-01,56191751,1.169799816346709
WASHINGTON,2018-01,58298035,1.2157044915836357
WASHINGTON,2019-01,61042252,1.1219893394496652
WEST VIRGINIA,1992-01,5261795,1.0361846100047607
WEST VIRGINIA,1993-01,5943099,1.0175590209754204
WEST VIRGINIA,1994-01,6189980,1.0257622803304696
WEST VIRGINIA,1995-01,6261769,1.058668564745841
WEST VIRGINIA,1996-01,6576406,1.0430914697176543
WEST VIRGINIA,1997-01,7145479,1.0449569580989602
WEST VIRGINIA,1998-01,7148810,1.0922679438955574
WEST VIRGINIA,1999-01,7335784,1.0952177708613013
WEST VIRGINIA,2000-01,7551834,1.1376559654250875
WEST VIRGINIA,2001-01,8540103,1.0221896621153164
WEST VIRGINIA,2002-01,9409434,0.9703258453165196
WEST VIRGINIA,2003-01,10003729,0.976254754602009
WEST VIRGINIA,2004-01,9879217,1.1248667784096655
WEST VIRGINIA,2012-01,13222916,1.0018436931763008
WEST VIRGINIA,2013-01,13234175,1.1203739560645072
WEST VIRGINIA,2014-01,13280283,1.1540546236853537
WEST VIRGINIA,2015-01,14252984,0.9661515090454041
WEST VIRGINIA,2016-01,15101059,0.8827566993811493
WEST VIRGINIA,2017-01,14646514,1.109119344029576
WEST VIRGINIA,2018-01,14736212,1.0760022996411833
WEST VIRGINIA,2019-01,15175198,1.0513647993258473
WISCONSIN,1992-01,13595620,1.2951681497423435
WISCONSIN,1993-01,14620876,1.2774084808598336
WISCONSIN,1994-01,15281465,1.2837229938359966
WISCONSIN,1995-01,16301863,1.0321685932460603
WISCONSIN,1996-01,16989913,1.4340947478659838
WISCONSIN,1997-01,18199533,1.310954132724175
WISCONSIN,1998-01,19101351,1.1200563771641074
WISCONSIN,1999-01,20465757,1.384465280223937
WISCONSIN,2000-01,22833463,1.4066562308135213
WISCONSIN,2001-01,24857238,0.7573653597394852
WISCONSIN,2002-01,26749270,0.7803676511545923
WISCONSIN,2003-01,27658175,0.909858947670987
WISCONSIN,2004-01,28577240,1.2206700857045676
WISCONSIN,2012-01,37837615,0.9218858271061746
WISCONSIN,2013-01,37863879,1.229813194786514
WISCONSIN,2014-01,39683644,1.1767285786557302
WISCONSIN,2015-01,40116752,1.0358338082803913
WISCONSIN,2016-01,40442259,0.9073591314471331
WISCONSIN,2017-01,42347211,1.0907189377831754
WISCONSIN,2018-01,41959413,1.3072640220205178
WISCONSIN,2019-01,43699468,0.8694241998552477
WYOMING,1992-01,1925147,1.0516994286670056
WYOMING,1993-01,1886755,1.1558109028464214
WYOMING,1994-01,1974897,1.1686508207769823
WYOMING,1995-01,2045221,1.0951779783211693
WYOMING,1996-01,2062116,1.1385673744832978
WYOMING,1997-01,2126805,1.2032428925077758
WYOMING,1998-01,2172024,1.2214211261017374
WYOMING,1999-01,2372933,1.3031379309908877
WYOMING,2000-01,2552590,2.248826877798628
WYOMING,2001-01,2645226,1.088820388125627
WYOMING,2002-01,2948182,0.939428434201145
WYOMING,2003-01,3264439,1.0424921403034335
WYOMING,2004-01,3596252,1.2817474971164424
WYOMING,2012-01,5523497,1.3433352095601754
WYOMING,2013-01,5601135,1.506387544667286
WYOMING,2014-01,5651263,1.454930163398872
WYOMING,2015-01,6089770,1.3108981127366057
WYOMING,2016-01,6272333,1.028848277028659
WYOMING,2017-01,6445250,1.0861695046739848
WYOMING,2018-01,6308802,1.2129954308282302
WYOMING,2019-01,6159829,0.9953493838871177
